{
  "name": "PancakeSwap Top 100",
  "timestamp": "2021-08-20T12:26:07.837Z",
  "version": {
    "major": 2,
    "minor": 16,
    "patch": 6
  },
  "logoURI": "https://assets.trustwalletapp.com/blockchains/smartchain/assets/0x0E09FaBB73Bd3Ade0a17ECC321fD13a19e81cE82/logo.png",
  "keywords": [
    "pancakeswap",
    "top 100"
  ],
  "tokens": [
    {
      "name": "Cardano Token",
      "symbol": "ADA",
      "address": "0x3EE2200Efb3400fAbB9AacF31297cBdD1d435D47",
      "chainId": 56,
      "decimals": 18,
      "logoURI": "https://tokens.pancakeswap.finance/images/0x3EE2200Efb3400fAbB9AacF31297cBdD1d435D47.png"
    },
    {
      "name": "ALICE",
      "symbol": "ALICE",
      "address": "0xAC51066d7bEC65Dc4589368da368b212745d63E8",
      "chainId": 56,
      "decimals": 6,
      "logoURI": "https://tokens.pancakeswap.finance/images/0xAC51066d7bEC65Dc4589368da368b212745d63E8.png"
    },
    {
      "name": "AlphaToken",
      "symbol": "ALPHA",
      "address": "0xa1faa113cbE53436Df28FF0aEe54275c13B40975",
      "chainId": 56,
      "decimals": 18,
      "logoURI": "https://tokens.pancakeswap.finance/images/0xa1faa113cbE53436Df28FF0aEe54275c13B40975.png"
    },
    {
      "name": "Ample BSC BRG Meter Passport",
      "symbol": "AMPL-BSC-MP",
      "address": "0xDB021b1B247fe2F1fa57e0A87C748Cc1E321F07F",
      "chainId": 56,
      "decimals": 9,
      "logoURI": "https://tokens.pancakeswap.finance/images/0xDB021b1B247fe2F1fa57e0A87C748Cc1E321F07F.png"
    },
    {
      "name": "Arena Token",
      "symbol": "ARENA",
      "address": "0x2A17Dc11a1828725cdB318E0036ACF12727d27a2",
      "chainId": 56,
      "decimals": 18,
      "logoURI": "https://assets.trustwalletapp.com/blockchains/smartchain/assets/0x2A17Dc11a1828725cdB318E0036ACF12727d27a2/logo.png"
    },
    {
      "name": "Automata",
      "symbol": "ATA",
      "address": "0xA2120b9e674d3fC3875f415A7DF52e382F141225",
      "chainId": 56,
      "decimals": 18,
      "logoURI": "https://tokens.pancakeswap.finance/images/0xA2120b9e674d3fC3875f415A7DF52e382F141225.png"
    },
    {
      "name": "Axie Infinity Shard",
      "symbol": "AXS",
      "address": "0x715D400F88C167884bbCc41C5FeA407ed4D2f8A0",
      "chainId": 56,
      "decimals": 18,
      "logoURI": "https://tokens.pancakeswap.finance/images/0x715D400F88C167884bbCc41C5FeA407ed4D2f8A0.png"
    },
    {
      "name": "BABY CAKE",
      "symbol": "BABYCAKE",
      "address": "0xdB8D30b74bf098aF214e862C90E647bbB1fcC58c",
      "chainId": 56,
      "decimals": 18,
      "logoURI": "https://tokens.pancakeswap.finance/images/0xdB8D30b74bf098aF214e862C90E647bbB1fcC58c.png"
    },
    {
      "name": "Baby Doge Coin",
      "symbol": "BABYDOGE",
      "address": "0xc748673057861a797275CD8A068AbB95A902e8de",
      "chainId": 56,
      "decimals": 9,
      "logoURI": "https://assets.trustwalletapp.com/blockchains/smartchain/assets/0xc748673057861a797275CD8A068AbB95A902e8de/logo.png"
    },
    {
      "name": "Bear",
      "symbol": "BEAR",
      "address": "0xc3EAE9b061Aa0e1B9BD3436080Dc57D2d63FEdc1",
      "chainId": 56,
      "decimals": 18,
      "logoURI": "https://assets.trustwalletapp.com/blockchains/smartchain/assets/0xc3EAE9b061Aa0e1B9BD3436080Dc57D2d63FEdc1/logo.png"
    },
    {
      "name": "BELT Token",
      "symbol": "BELT",
      "address": "0xE0e514c71282b6f4e823703a39374Cf58dc3eA4f",
      "chainId": 56,
      "decimals": 18,
      "logoURI": "https://tokens.pancakeswap.finance/images/0xE0e514c71282b6f4e823703a39374Cf58dc3eA4f.png"
    },
    {
      "name": "Birb",
      "symbol": "BIRB",
      "address": "0x82A479264B36104be4FDb91618a59A4fC0F50650",
      "chainId": 56,
      "decimals": 18,
      "logoURI": "https://assets.trustwalletapp.com/blockchains/smartchain/assets/0x82A479264B36104be4FDb91618a59A4fC0F50650/logo.png"
    },
    {
      "name": "Binamars",
      "symbol": "BMARS",
      "address": "0x46880afc2E6FA41bBbE9787c082f7c23F795465E",
      "chainId": 56,
      "decimals": 18,
      "logoURI": "https://assets.trustwalletapp.com/blockchains/smartchain/assets/0x46880afc2E6FA41bBbE9787c082f7c23F795465E/logo.png"
    },
    {
      "name": "Binamon",
      "symbol": "BMON",
      "address": "0x08ba0619b1e7A582E0BCe5BBE9843322C954C340",
      "chainId": 56,
      "decimals": 18,
      "logoURI": "https://tokens.pancakeswap.finance/images/0x08ba0619b1e7A582E0BCe5BBE9843322C954C340.png"
    },
    {
      "name": "BunnyPark",
      "symbol": "BP",
      "address": "0xACB8f52DC63BB752a51186D1c55868ADbFfEe9C1",
      "chainId": 56,
      "decimals": 18,
      "logoURI": "https://tokens.pancakeswap.finance/images/0xACB8f52DC63BB752a51186D1c55868ADbFfEe9C1.png"
    },
    {
      "name": "BSCPAD.com",
      "symbol": "BSCPAD",
      "address": "0x5A3010d4d8D3B5fB49f8B6E57FB9E48063f16700",
      "chainId": 56,
      "decimals": 18,
      "logoURI": "https://tokens.pancakeswap.finance/images/0x5A3010d4d8D3B5fB49f8B6E57FB9E48063f16700.png"
    },
    {
      "name": "StandardBTCHashrateToken",
      "symbol": "BTCST",
      "address": "0x78650B139471520656b9E7aA7A5e9276814a38e9",
      "chainId": 56,
      "decimals": 17,
      "logoURI": "https://tokens.pancakeswap.finance/images/0x78650B139471520656b9E7aA7A5e9276814a38e9.png"
    },
    {
      "name": "BitTorrent",
      "symbol": "BTT",
      "address": "0x8595F9dA7b868b1822194fAEd312235E43007b49",
      "chainId": 56,
      "decimals": 18,
      "logoURI": "https://tokens.pancakeswap.finance/images/0x8595F9dA7b868b1822194fAEd312235E43007b49.png"
    },
    {
      "name": "Coin98",
      "symbol": "C98",
      "address": "0xaEC945e04baF28b135Fa7c640f624f8D90F1C3a6",
      "chainId": 56,
      "decimals": 18,
      "logoURI": "https://tokens.pancakeswap.finance/images/0xaEC945e04baF28b135Fa7c640f624f8D90F1C3a6.png"
    },
    {
      "name": "CHECOIN",
      "symbol": "CHECOIN",
      "address": "0x54626300818E5C5b44Db0fcf45Ba4943CA89A9e2",
      "chainId": 56,
      "decimals": 18,
      "logoURI": "https://assets.trustwalletapp.com/blockchains/smartchain/assets/0x54626300818E5C5b44Db0fcf45Ba4943CA89A9e2/logo.png"
    },
    {
      "name": "Chess",
      "symbol": "CHESS",
      "address": "0x20de22029ab63cf9A7Cf5fEB2b737Ca1eE4c82A6",
      "chainId": 56,
      "decimals": 18,
      "logoURI": "https://tokens.pancakeswap.finance/images/0x20de22029ab63cf9A7Cf5fEB2b737Ca1eE4c82A6.png"
    },
    {
      "name": "Chroma",
      "symbol": "CHR",
      "address": "0xf9CeC8d50f6c8ad3Fb6dcCEC577e05aA32B224FE",
      "chainId": 56,
      "decimals": 6,
      "logoURI": "https://tokens.pancakeswap.finance/images/0xf9CeC8d50f6c8ad3Fb6dcCEC577e05aA32B224FE.png"
    },
    {
      "name": "CP",
      "symbol": "CP",
      "address": "0x82C19905B036bf4E329740989DCF6aE441AE26c1",
      "chainId": 56,
      "decimals": 18,
      "logoURI": "https://assets.trustwalletapp.com/blockchains/smartchain/assets/0x82C19905B036bf4E329740989DCF6aE441AE26c1/logo.png"
    },
    {
      "name": "Immutable",
      "symbol": "DARA",
      "address": "0x0255af6c9f86F6B0543357baCefA262A2664f80F",
      "chainId": 56,
      "decimals": 18,
      "logoURI": "https://assets.trustwalletapp.com/blockchains/smartchain/assets/0x0255af6c9f86F6B0543357baCefA262A2664f80F/logo.png"
    },
    {
      "name": "DrakeBall Token",
      "symbol": "DBALL",
      "address": "0x088BeBef4e371757509E64d3508B6Da6F376e2ac",
      "chainId": 56,
      "decimals": 18,
      "logoURI": "https://assets.trustwalletapp.com/blockchains/smartchain/assets/0x088BeBef4e371757509E64d3508B6Da6F376e2ac/logo.png"
    },
    {
      "name": "dego.finance",
      "symbol": "DEGO",
      "address": "0x3FdA9383A84C05eC8f7630Fe10AdF1fAC13241CC",
      "chainId": 56,
      "decimals": 18,
      "logoURI": "https://tokens.pancakeswap.finance/images/0x3FdA9383A84C05eC8f7630Fe10AdF1fAC13241CC.png"
    },
    {
      "name": "DeRace Token",
      "symbol": "DERC",
      "address": "0x373E768f79c820aA441540d254dCA6d045c6d25b",
      "chainId": 56,
      "decimals": 18,
      "logoURI": "https://assets.trustwalletapp.com/blockchains/smartchain/assets/0x373E768f79c820aA441540d254dCA6d045c6d25b/logo.png"
    },
    {
      "name": "DungeonSwap Token",
      "symbol": "DND",
      "address": "0x14c358b573a4cE45364a3DBD84BBb4Dae87af034",
      "chainId": 56,
      "decimals": 18,
      "logoURI": "https://assets.trustwalletapp.com/blockchains/smartchain/assets/0x14c358b573a4cE45364a3DBD84BBb4Dae87af034/logo.png"
    },
    {
      "name": "DinoX Coin",
      "symbol": "DNXC",
      "address": "0x3c1748D647E6A56B37B66fcD2B5626D0461D3aA0",
      "chainId": 56,
      "decimals": 18,
      "logoURI": "https://assets.trustwalletapp.com/blockchains/smartchain/assets/0x3c1748D647E6A56B37B66fcD2B5626D0461D3aA0/logo.png"
    },
    {
      "name": "DODO bird",
      "symbol": "DODO",
      "address": "0x67ee3Cb086F8a16f34beE3ca72FAD36F7Db929e2",
      "chainId": 56,
      "decimals": 18,
      "logoURI": "https://tokens.pancakeswap.finance/images/0x67ee3Cb086F8a16f34beE3ca72FAD36F7Db929e2.png"
    },
    {
      "name": "Dogecoin",
      "symbol": "DOGE",
      "address": "0xbA2aE424d960c26247Dd6c32edC70B295c744C43",
      "chainId": 56,
      "decimals": 8,
      "logoURI": "https://tokens.pancakeswap.finance/images/0xbA2aE424d960c26247Dd6c32edC70B295c744C43.png"
    },
    {
      "name": "My DeFi Pet Token",
      "symbol": "DPET",
      "address": "0xfb62AE373acA027177D1c18Ee0862817f9080d08",
      "chainId": 56,
      "decimals": 18,
      "logoURI": "https://assets.trustwalletapp.com/blockchains/smartchain/assets/0xfb62AE373acA027177D1c18Ee0862817f9080d08/logo.png"
    },
    {
      "name": "DNAxCAT",
      "symbol": "DXCT",
      "address": "0x5b1BaeC64aF6dC54E6e04349315919129A6d3c23",
      "chainId": 56,
      "decimals": 18,
      "logoURI": "https://assets.trustwalletapp.com/blockchains/smartchain/assets/0x5b1BaeC64aF6dC54E6e04349315919129A6d3c23/logo.png"
    },
    {
      "name": "Eifi",
      "symbol": "EIFI",
      "address": "0xbbf33a3c83Cf86D0965A66E108669D272DFE4214",
      "chainId": 56,
      "decimals": 8,
      "logoURI": "https://assets.trustwalletapp.com/blockchains/smartchain/assets/0xbbf33a3c83Cf86D0965A66E108669D272DFE4214/logo.png"
    },
    {
      "name": "Ellipsis",
      "symbol": "EPS",
      "address": "0xA7f552078dcC247C2684336020c03648500C6d9F",
      "chainId": 56,
      "decimals": 18,
      "logoURI": "https://tokens.pancakeswap.finance/images/0xA7f552078dcC247C2684336020c03648500C6d9F.png"
    },
    {
      "name": "Fanadise",
      "symbol": "FAN",
      "address": "0xFAc3A1ED2480Da8F5c34576C0Da13F245239717d",
      "chainId": 56,
      "decimals": 18,
      "logoURI": "https://assets.trustwalletapp.com/blockchains/smartchain/assets/0xFAc3A1ED2480Da8F5c34576C0Da13F245239717d/logo.png"
    },
    {
      "name": "FaraCrystal",
      "symbol": "FARA",
      "address": "0xF4Ed363144981D3A65f42e7D0DC54FF9EEf559A1",
      "chainId": 56,
      "decimals": 18,
      "logoURI": "https://assets.trustwalletapp.com/blockchains/smartchain/assets/0xF4Ed363144981D3A65f42e7D0DC54FF9EEf559A1/logo.png"
    },
    {
      "name": "FEGtoken",
      "symbol": "FEG",
      "address": "0xacFC95585D80Ab62f67A14C566C1b7a49Fe91167",
      "chainId": 56,
      "decimals": 9,
      "logoURI": "https://assets.trustwalletapp.com/blockchains/smartchain/assets/0xacFC95585D80Ab62f67A14C566C1b7a49Fe91167/logo.png"
    },
    {
      "name": "FevrToken",
      "symbol": "FEVR",
      "address": "0x82030CDBD9e4B7c5bb0b811A61DA6360D69449cc",
      "chainId": 56,
      "decimals": 18,
      "logoURI": "https://assets.trustwalletapp.com/blockchains/smartchain/assets/0x82030CDBD9e4B7c5bb0b811A61DA6360D69449cc/logo.png"
    },
    {
      "name": "Frontier Token",
      "symbol": "FRONT",
      "address": "0x928e55daB735aa8260AF3cEDadA18B5f70C72f1b",
      "chainId": 56,
      "decimals": 18,
      "logoURI": "https://tokens.pancakeswap.finance/images/0x928e55daB735aa8260AF3cEDadA18B5f70C72f1b.png"
    },
    {
      "name": "Golden Doge",
      "symbol": "GDOGE",
      "address": "0xA53E61578fF54f1ad70186Be99332a6e20b6ffa9",
      "chainId": 56,
      "decimals": 9,
      "logoURI": "https://assets.trustwalletapp.com/blockchains/smartchain/assets/0xA53E61578fF54f1ad70186Be99332a6e20b6ffa9/logo.png"
    },
    {
      "name": "StepHero",
      "symbol": "HERO",
      "address": "0xE8176d414560cFE1Bf82Fd73B986823B89E4F545",
      "chainId": 56,
      "decimals": 18,
      "logoURI": "https://assets.trustwalletapp.com/blockchains/smartchain/assets/0xE8176d414560cFE1Bf82Fd73B986823B89E4F545/logo.png"
    },
    {
      "name": "Metahero",
      "symbol": "HERO",
      "address": "0xD40bEDb44C081D2935eebA6eF5a3c8A31A1bBE13",
      "chainId": 56,
      "decimals": 18,
      "logoURI": "https://tokens.pancakeswap.finance/images/0xD40bEDb44C081D2935eebA6eF5a3c8A31A1bBE13.png"
    },
    {
      "name": "Honey token",
      "symbol": "HONEY",
      "address": "0xFa363022816aBf82f18a9C2809dCd2BB393F6AC5",
      "chainId": 56,
      "decimals": 18,
      "logoURI": "https://assets.trustwalletapp.com/blockchains/smartchain/assets/0xFa363022816aBf82f18a9C2809dCd2BB393F6AC5/logo.png"
    },
    {
      "name": "Impossible Finance",
      "symbol": "IF",
      "address": "0xB0e1fc65C1a741b4662B813eB787d369b8614Af1",
      "chainId": 56,
      "decimals": 18,
      "logoURI": "https://tokens.pancakeswap.finance/images/0xB0e1fc65C1a741b4662B813eB787d369b8614Af1.png"
    },
    {
      "name": "Injective Protocol",
      "symbol": "INJ",
      "address": "0xa2B726B1145A4773F68593CF171187d8EBe4d495",
      "chainId": 56,
      "decimals": 18,
      "logoURI": "https://tokens.pancakeswap.finance/images/0xa2B726B1145A4773F68593CF171187d8EBe4d495.png"
    },
    {
      "name": "IoTeX Network",
      "symbol": "IOTX",
      "address": "0x9678E42ceBEb63F23197D726B29b1CB20d0064E5",
      "chainId": 56,
      "decimals": 18,
      "logoURI": "https://tokens.pancakeswap.finance/images/0x9678E42ceBEb63F23197D726B29b1CB20d0064E5.png"
    },
    {
      "name": "ITAM",
      "symbol": "ITAM",
      "address": "0x04C747b40Be4D535fC83D09939fb0f626F32800B",
      "chainId": 56,
      "decimals": 18,
      "logoURI": "https://tokens.pancakeswap.finance/images/0x04C747b40Be4D535fC83D09939fb0f626F32800B.png"
    },
    {
      "name": "Key Token",
      "symbol": "KEY",
      "address": "0x6652462466DCeE5Cb1dda95379FaE3c3E57f6719",
      "chainId": 56,
      "decimals": 18,
      "logoURI": "https://assets.trustwalletapp.com/blockchains/smartchain/assets/0x6652462466DCeE5Cb1dda95379FaE3c3E57f6719/logo.png"
    },
    {
      "name": "KingSize Token",
      "symbol": "KGS",
      "address": "0xdE097fEB7Ecc559bF71375ca9c4AB2ea1E3C58Bb",
      "chainId": 56,
      "decimals": 18,
      "logoURI": "https://assets.trustwalletapp.com/blockchains/smartchain/assets/0xdE097fEB7Ecc559bF71375ca9c4AB2ea1E3C58Bb/logo.png"
    },
    {
      "name": "Linear Token",
      "symbol": "LINA",
      "address": "0x762539b45A1dCcE3D36d080F74d1AED37844b878",
      "chainId": 56,
      "decimals": 18,
      "logoURI": "https://tokens.pancakeswap.finance/images/0x762539b45A1dCcE3D36d080F74d1AED37844b878.png"
    },
    {
      "name": "ChainLink Token",
      "symbol": "LINK",
      "address": "0xF8A0BF9cF54Bb92F17374d9e9A321E6a111a51bD",
      "chainId": 56,
      "decimals": 18,
      "logoURI": "https://tokens.pancakeswap.finance/images/0xF8A0BF9cF54Bb92F17374d9e9A321E6a111a51bD.png"
    },
    {
      "name": "Mask Network",
      "symbol": "MASK",
      "address": "0x2eD9a5C8C13b93955103B9a7C167B67Ef4d568a3",
      "chainId": 56,
      "decimals": 18,
      "logoURI": "https://tokens.pancakeswap.finance/images/0x2eD9a5C8C13b93955103B9a7C167B67Ef4d568a3.png"
    },
    {
      "name": "Mobox",
      "symbol": "MBOX",
      "address": "0x3203c9E46cA618C8C1cE5dC67e7e9D75f5da2377",
      "chainId": 56,
      "decimals": 18,
      "logoURI": "https://tokens.pancakeswap.finance/images/0x3203c9E46cA618C8C1cE5dC67e7e9D75f5da2377.png"
    },
    {
      "name": "Mist",
      "symbol": "MIST",
      "address": "0x68E374F856bF25468D365E539b700b648Bf94B67",
      "chainId": 56,
      "decimals": 18,
      "logoURI": "https://assets.trustwalletapp.com/blockchains/smartchain/assets/0x68E374F856bF25468D365E539b700b648Bf94B67/logo.png"
    },
    {
      "name": "Mound Token",
      "symbol": "MND",
      "address": "0x4c97c901B5147F8C1C7Ce3c5cF3eB83B44F244fE",
      "chainId": 56,
      "decimals": 18,
      "logoURI": "https://assets.trustwalletapp.com/blockchains/smartchain/assets/0x4c97c901B5147F8C1C7Ce3c5cF3eB83B44F244fE/logo.png"
    },
    {
      "name": "Nafter",
      "symbol": "NAFT",
      "address": "0xD7730681B1DC8f6F969166B29D8A5EA8568616a3",
      "chainId": 56,
      "decimals": 18,
      "logoURI": "https://assets.trustwalletapp.com/blockchains/smartchain/assets/0xD7730681B1DC8f6F969166B29D8A5EA8568616a3/logo.png"
    },
    {
      "name": "Nerve",
      "symbol": "NRV",
      "address": "0x42F6f551ae042cBe50C739158b4f0CAC0Edb9096",
      "chainId": 56,
      "decimals": 18,
      "logoURI": "https://tokens.pancakeswap.finance/images/0x42F6f551ae042cBe50C739158b4f0CAC0Edb9096.png"
    },
    {
      "name": "O3 Swap Token",
      "symbol": "O3",
      "address": "0xEe9801669C6138E84bD50dEB500827b776777d28",
      "chainId": 56,
      "decimals": 18,
      "logoURI": "https://tokens.pancakeswap.finance/images/0xEe9801669C6138E84bD50dEB500827b776777d28.png"
    },
    {
      "name": "PING",
      "symbol": "PING",
      "address": "0x5546600f77EdA1DCF2e8817eF4D617382E7f71F5",
      "chainId": 56,
      "decimals": 9,
      "logoURI": "https://assets.trustwalletapp.com/blockchains/smartchain/assets/0x5546600f77EdA1DCF2e8817eF4D617382E7f71F5/logo.png"
    },
    {
      "name": "Pink Token",
      "symbol": "PINK",
      "address": "0x9133049Fb1FdDC110c92BF5b7Df635abB70C89DC",
      "chainId": 56,
      "decimals": 18,
      "logoURI": "https://assets.trustwalletapp.com/blockchains/smartchain/assets/0x9133049Fb1FdDC110c92BF5b7Df635abB70C89DC/logo.png"
    },
    {
      "name": "PolkaMonster",
      "symbol": "PKMON",
      "address": "0x609D183Fb91a0fce59550b62ab7d2c931b0Bb1BE",
      "chainId": 56,
      "decimals": 18,
      "logoURI": "https://assets.trustwalletapp.com/blockchains/smartchain/assets/0x609D183Fb91a0fce59550b62ab7d2c931b0Bb1BE/logo.png"
    },
    {
      "name": "Polkamon",
      "symbol": "PMON",
      "address": "0x1796ae0b0fa4862485106a0de9b654eFE301D0b2",
      "chainId": 56,
      "decimals": 18,
      "logoURI": "https://tokens.pancakeswap.finance/images/0x1796ae0b0fa4862485106a0de9b654eFE301D0b2.png"
    },
    {
      "name": "PORNROCKET",
      "symbol": "PORNROCKET",
      "address": "0xCF9f991b14620f5ad144Eec11f9bc7Bf08987622",
      "chainId": 56,
      "decimals": 9,
      "logoURI": "https://assets.trustwalletapp.com/blockchains/smartchain/assets/0xCF9f991b14620f5ad144Eec11f9bc7Bf08987622/logo.png"
    },
    {
      "name": "Moonpot",
      "symbol": "POTS",
      "address": "0x3Fcca8648651E5b974DD6d3e50F61567779772A8",
      "chainId": 56,
      "decimals": 18,
      "logoURI": "https://tokens.pancakeswap.finance/images/0x3Fcca8648651E5b974DD6d3e50F61567779772A8.png"
    },
    {
      "name": "Plant vs Undead Token",
      "symbol": "PVU",
      "address": "0x31471E0791fCdbE82fbF4C44943255e923F1b794",
      "chainId": 56,
      "decimals": 18,
      "logoURI": "https://assets.trustwalletapp.com/blockchains/smartchain/assets/0x31471E0791fCdbE82fbF4C44943255e923F1b794/logo.png"
    },
    {
      "name": "PolkaWar",
      "symbol": "PWAR",
      "address": "0x16153214E683018D5aA318864c8e692b66E16778",
      "chainId": 56,
      "decimals": 18,
      "logoURI": "https://assets.trustwalletapp.com/blockchains/smartchain/assets/0x16153214E683018D5aA318864c8e692b66E16778/logo.png"
    },
    {
      "name": "Pyram Token",
      "symbol": "PYRAM",
      "address": "0xedeCfB4801C04F3EB394b89397c6Aafa4ADDa15B",
      "chainId": 56,
      "decimals": 18,
      "logoURI": "https://assets.trustwalletapp.com/blockchains/smartchain/assets/0xedeCfB4801C04F3EB394b89397c6Aafa4ADDa15B/logo.png"
    },
    {
      "name": "Qubit Token",
      "symbol": "QBT",
      "address": "0x17B7163cf1Dbd286E262ddc68b553D899B93f526",
      "chainId": 56,
      "decimals": 18,
      "logoURI": "https://assets.trustwalletapp.com/blockchains/smartchain/assets/0x17B7163cf1Dbd286E262ddc68b553D899B93f526/logo.png"
    },
    {
      "name": "Rabbit Coin",
      "symbol": "RABBIT",
      "address": "0x95a1199EBA84ac5f19546519e287d43D2F0E1b41",
      "chainId": 56,
      "decimals": 18,
      "logoURI": "https://tokens.pancakeswap.finance/images/0x95a1199EBA84ac5f19546519e287d43D2F0E1b41.png"
    },
    {
      "name": "RAMP DEFI",
      "symbol": "RAMP",
      "address": "0x8519EA49c997f50cefFa444d240fB655e89248Aa",
      "chainId": 56,
      "decimals": 18,
      "logoURI": "https://tokens.pancakeswap.finance/images/0x8519EA49c997f50cefFa444d240fB655e89248Aa.png"
    },
    {
      "name": "Reef.finance",
      "symbol": "REEF",
      "address": "0xF21768cCBC73Ea5B6fd3C687208a7c2def2d966e",
      "chainId": 56,
      "decimals": 18,
      "logoURI": "https://tokens.pancakeswap.finance/images/0xF21768cCBC73Ea5B6fd3C687208a7c2def2d966e.png"
    },
    {
      "name": "Revomon",
      "symbol": "REVO",
      "address": "0x155040625D7ae3e9caDA9a73E3E44f76D3Ed1409",
      "chainId": 56,
      "decimals": 18,
      "logoURI": "https://assets.trustwalletapp.com/blockchains/smartchain/assets/0x155040625D7ae3e9caDA9a73E3E44f76D3Ed1409/logo.png"
    },
    {
      "name": "RFOX",
      "symbol": "RFOX",
      "address": "0x0a3A21356793B49154Fd3BbE91CBc2A16c0457f5",
      "chainId": 56,
      "decimals": 18,
      "logoURI": "https://tokens.pancakeswap.finance/images/0x0a3A21356793B49154Fd3BbE91CBc2A16c0457f5.png"
    },
    {
      "name": "SafePal Token",
      "symbol": "SFP",
      "address": "0xD41FDb03Ba84762dD66a0af1a6C8540FF1ba5dfb",
      "chainId": 56,
      "decimals": 18,
      "logoURI": "https://tokens.pancakeswap.finance/images/0xD41FDb03Ba84762dD66a0af1a6C8540FF1ba5dfb.png"
    },
    {
      "name": "SeedifyFund",
      "symbol": "SFUND",
      "address": "0x477bC8d23c634C154061869478bce96BE6045D12",
      "chainId": 56,
      "decimals": 18,
      "logoURI": "https://tokens.pancakeswap.finance/images/0x477bC8d23c634C154061869478bce96BE6045D12.png"
    },
    {
      "name": "CryptoBlades Skill Token",
      "symbol": "SKILL",
      "address": "0x154A9F9cbd3449AD22FDaE23044319D6eF2a1Fab",
      "chainId": 56,
      "decimals": 18,
      "logoURI": "https://tokens.pancakeswap.finance/images/0x154A9F9cbd3449AD22FDaE23044319D6eF2a1Fab.png"
    },
    {
      "name": "Splintershards",
      "symbol": "SPS",
      "address": "0x1633b7157e7638C4d6593436111Bf125Ee74703F",
      "chainId": 56,
      "decimals": 18,
      "logoURI": "https://tokens.pancakeswap.finance/images/0x1633b7157e7638C4d6593436111Bf125Ee74703F.png"
    },
    {
      "name": "SushiToken",
      "symbol": "SUSHI",
      "address": "0x947950BcC74888a40Ffa2593C5798F11Fc9124C4",
      "chainId": 56,
      "decimals": 18,
      "logoURI": "https://tokens.pancakeswap.finance/images/0x947950BcC74888a40Ffa2593C5798F11Fc9124C4.png"
    },
    {
      "name": "Swipe",
      "symbol": "SXP",
      "address": "0x47BEAd2563dCBf3bF2c9407fEa4dC236fAbA485A",
      "chainId": 56,
      "decimals": 18,
      "logoURI": "https://tokens.pancakeswap.finance/images/0x47BEAd2563dCBf3bF2c9407fEa4dC236fAbA485A.png"
    },
    {
      "name": "TasteNFT",
      "symbol": "TASTE",
      "address": "0xdB238123939637D65a03E4b2b485650B4f9D91CB",
      "chainId": 56,
      "decimals": 9,
      "logoURI": "https://assets.trustwalletapp.com/blockchains/smartchain/assets/0xdB238123939637D65a03E4b2b485650B4f9D91CB/logo.png"
    },
    {
      "name": "TitanSwap",
      "symbol": "TITAN",
      "address": "0xe898EDc43920F357A93083F1d4460437dE6dAeC2",
      "chainId": 56,
      "decimals": 18,
      "logoURI": "https://tokens.pancakeswap.finance/images/0xe898EDc43920F357A93083F1d4460437dE6dAeC2.png"
    },
    {
      "name": "Tokocrypto Token",
      "symbol": "TKO",
      "address": "0x9f589e3eabe42ebC94A44727b3f3531C0c877809",
      "chainId": 56,
      "decimals": 18,
      "logoURI": "https://tokens.pancakeswap.finance/images/0x9f589e3eabe42ebC94A44727b3f3531C0c877809.png"
    },
    {
      "name": "Alien Worlds Trilium",
      "symbol": "TLM",
      "address": "0x2222227E22102Fe3322098e4CBfE18cFebD57c95",
      "chainId": 56,
      "decimals": 4,
      "logoURI": "https://tokens.pancakeswap.finance/images/0x2222227E22102Fe3322098e4CBfE18cFebD57c95.png"
    },
    {
      "name": "TRON",
      "symbol": "TRX",
      "address": "0x85EAC5Ac2F758618dFa09bDbe0cf174e7d574D5B",
      "chainId": 56,
      "decimals": 18,
      "logoURI": "https://tokens.pancakeswap.finance/images/0x85EAC5Ac2F758618dFa09bDbe0cf174e7d574D5B.png"
    },
    {
      "name": "TrusterCoin",
      "symbol": "TSC",
      "address": "0xA2a26349448ddAfAe34949a6Cc2cEcF78c0497aC",
      "chainId": 56,
      "decimals": 9,
      "logoURI": "https://assets.trustwalletapp.com/blockchains/smartchain/assets/0xA2a26349448ddAfAe34949a6Cc2cEcF78c0497aC/logo.png"
    },
    {
      "name": "TrueUSD",
      "symbol": "TUSD",
      "address": "0x14016E85a25aeb13065688cAFB43044C2ef86784",
      "chainId": 56,
      "decimals": 18,
      "logoURI": "https://tokens.pancakeswap.finance/images/0x14016E85a25aeb13065688cAFB43044C2ef86784.png"
    },
    {
      "name": "Trust Wallet",
      "symbol": "TWT",
      "address": "0x4B0F1812e5Df2A09796481Ff14017e6005508003",
      "chainId": 56,
      "decimals": 18,
      "logoURI": "https://tokens.pancakeswap.finance/images/0x4B0F1812e5Df2A09796481Ff14017e6005508003.png"
    },
    {
      "name": "UNCL on xDai on BSC",
      "symbol": "UNCL",
      "address": "0x0E8D5504bF54D9E44260f8d153EcD5412130CaBb",
      "chainId": 56,
      "decimals": 18,
      "logoURI": "https://assets.trustwalletapp.com/blockchains/smartchain/assets/0x0E8D5504bF54D9E44260f8d153EcD5412130CaBb/logo.png"
    },
    {
      "name": "UniCrypt on xDai on BSC",
      "symbol": "UNCX",
      "address": "0x09a6c44c3947B69E2B45F4D51b67E6a39ACfB506",
      "chainId": 56,
      "decimals": 18,
      "logoURI": "https://assets.trustwalletapp.com/blockchains/smartchain/assets/0x09a6c44c3947B69E2B45F4D51b67E6a39ACfB506/logo.png"
    },
    {
      "name": "Uniswap",
      "symbol": "UNI",
      "address": "0xBf5140A22578168FD562DCcF235E5D43A02ce9B1",
      "chainId": 56,
      "decimals": 18,
      "logoURI": "https://tokens.pancakeswap.finance/images/0xBf5140A22578168FD562DCcF235E5D43A02ce9B1.png"
    },
    {
      "name": "Wrapped UST Token",
      "symbol": "UST",
      "address": "0x23396cF899Ca06c4472205fC903bDB4de249D6fC",
      "chainId": 56,
      "decimals": 18,
      "logoURI": "https://tokens.pancakeswap.finance/images/0x23396cF899Ca06c4472205fC903bDB4de249D6fC.png"
    },
    {
      "name": "VAI Stablecoin",
      "symbol": "VAI",
      "address": "0x4BD17003473389A42DAF6a0a729f6Fdb328BbBd7",
      "chainId": 56,
      "decimals": 18,
      "logoURI": "https://tokens.pancakeswap.finance/images/0x4BD17003473389A42DAF6a0a729f6Fdb328BbBd7.png"
    },
    {
      "name": "WaultSwap",
      "symbol": "WEX",
      "address": "0xa9c41A46a6B3531d28d5c32F6633dd2fF05dFB90",
      "chainId": 56,
      "decimals": 18,
      "logoURI": "https://tokens.pancakeswap.finance/images/0xa9c41A46a6B3531d28d5c32F6633dd2fF05dFB90.png"
    },
    {
      "name": "WINk",
      "symbol": "WIN",
      "address": "0xaeF0d72a118ce24feE3cD1d43d383897D05B4e99",
      "chainId": 56,
      "decimals": 18,
      "logoURI": "https://tokens.pancakeswap.finance/images/0xaeF0d72a118ce24feE3cD1d43d383897D05B4e99.png"
    },
    {
      "name": "Wall Street Games",
      "symbol": "WSG",
      "address": "0xA58950F05FeA2277d2608748412bf9F802eA4901",
      "chainId": 56,
      "decimals": 18,
      "logoURI": "https://tokens.pancakeswap.finance/images/0xA58950F05FeA2277d2608748412bf9F802eA4901.png"
    },
    {
      "name": "Wallet Swap",
      "symbol": "WSWAP",
      "address": "0xC72cC401122dBDC812EC88a2150AAD5a39467401",
      "chainId": 56,
      "decimals": 0,
      "logoURI": "https://assets.trustwalletapp.com/blockchains/smartchain/assets/0xC72cC401122dBDC812EC88a2150AAD5a39467401/logo.png"
    },
    {
      "name": "XRP Token",
      "symbol": "XRP",
      "address": "0x1D2F0da169ceB9fC7B3144628dB156f3F6c60dBE",
      "chainId": 56,
      "decimals": 18,
      "logoURI": "https://tokens.pancakeswap.finance/images/0x1D2F0da169ceB9fC7B3144628dB156f3F6c60dBE.png"
    },
    {
      "name": "ZooToken",
      "symbol": "ZOO",
      "address": "0x1D229B958D5DDFca92146585a8711aECbE56F095",
      "chainId": 56,
      "decimals": 18,
      "logoURI": "https://assets.trustwalletapp.com/blockchains/smartchain/assets/0x1D229B958D5DDFca92146585a8711aECbE56F095/logo.png"
    },
    {
      "name": "CryptoZoon",
      "symbol": "ZOON",
      "address": "0x9D173E6c594f479B4d47001F8E6A95A7aDDa42bC",
      "chainId": 56,
      "decimals": 18,
      "logoURI": "https://assets.trustwalletapp.com/blockchains/smartchain/assets/0x9D173E6c594f479B4d47001F8E6A95A7aDDa42bC/logo.png"
    }
  ]
}