{
  "name": "PancakeSwap Default",
  "timestamp": "2021-08-20T10:38:20.113Z",
  "version": {
    "major": 2,
    "minor": 15,
    "patch": 3
  },
  "logoURI": "https://assets.trustwalletapp.com/blockchains/smartchain/assets/0x0E09FaBB73Bd3Ade0a17ECC321fD13a19e81cE82/logo.png",
  "keywords": [
    "pancakeswap",
    "default"
  ],
  "tokens": [
    {
      "name": "WBNB Token",
      "symbol": "WBNB",
      "address": "0xbb4CdB9CBd36B01bD1cBaEBF2De08d9173bc095c",
      "chainId": 56,
      "decimals": 18,
      "logoURI": "https://tokens.pancakeswap.finance/images/0xbb4CdB9CBd36B01bD1cBaEBF2De08d9173bc095c.png"
    },
    {
      "name": "PancakeSwap Token",
      "symbol": "CAKE",
      "address": "0x0E09FaBB73Bd3Ade0a17ECC321fD13a19e81cE82",
      "chainId": 56,
      "decimals": 18,
      "logoURI": "https://tokens.pancakeswap.finance/images/0x0E09FaBB73Bd3Ade0a17ECC321fD13a19e81cE82.png"
    },
    {
      "name": "Binance Pegged BUSD",
      "symbol": "BUSD",
      "address": "0xe9e7CEA3DedcA5984780Bafc599bD69ADd087D56",
      "chainId": 56,
      "decimals": 18,
      "logoURI": "https://tokens.pancakeswap.finance/images/0xe9e7CEA3DedcA5984780Bafc599bD69ADd087D56.png"
    },
    {
      "name": "Binance Pegged USDT",
      "symbol": "USDT",
      "address": "0x55d398326f99059fF775485246999027B3197955",
      "chainId": 56,
      "decimals": 18,
      "logoURI": "https://tokens.pancakeswap.finance/images/0x55d398326f99059fF775485246999027B3197955.png"
    },
    {
      "name": "Binance Pegged Bitcoin",
      "symbol": "BTCB",
      "address": "0x7130d2A12B9BCbFAe4f2634d864A1Ee1Ce3Ead9c",
      "chainId": 56,
      "decimals": 18,
      "logoURI": "https://tokens.pancakeswap.finance/images/0x7130d2A12B9BCbFAe4f2634d864A1Ee1Ce3Ead9c.png"
    },
    {
      "name": "Binance Pegged ETH",
      "symbol": "ETH",
      "address": "0x2170Ed0880ac9A755fd29B2688956BD959F933F8",
      "chainId": 56,
      "decimals": 18,
      "logoURI": "https://tokens.pancakeswap.finance/images/0x2170Ed0880ac9A755fd29B2688956BD959F933F8.png"
    },
    {
      "name": "Bunny Token",
      "symbol": "BUNNY",
      "address": "0xC9849E6fdB743d08fAeE3E34dd2D1bc69EA11a51",
      "chainId": 56,
      "decimals": 18,
      "logoURI": "https://tokens.pancakeswap.finance/images/0xC9849E6fdB743d08fAeE3E34dd2D1bc69EA11a51.png"
    },
    {
      "name": "Venus Token",
      "symbol": "XVS",
      "address": "0xcF6BB5389c92Bdda8a3747Ddb454cB7a64626C63",
      "chainId": 56,
      "decimals": 18,
      "logoURI": "https://tokens.pancakeswap.finance/images/0xcF6BB5389c92Bdda8a3747Ddb454cB7a64626C63.png"
    },
    {
      "name": "SafeMoon",
      "symbol": "SAFEMOON",
      "address": "0x8076C74C5e3F5852037F31Ff0093Eeb8c8ADd8D3",
      "chainId": 56,
      "decimals": 9,
      "logoURI": "https://tokens.pancakeswap.finance/images/0x8076C74C5e3F5852037F31Ff0093Eeb8c8ADd8D3.png"
    },
    {
      "name": "Alpaca",
      "symbol": "ALPACA",
      "address": "0x8F0528cE5eF7B51152A59745bEfDD91D97091d2F",
      "chainId": 56,
      "decimals": 18,
      "logoURI": "https://tokens.pancakeswap.finance/images/0x8F0528cE5eF7B51152A59745bEfDD91D97091d2F.png"
    },
    {
      "name": "Polkadot Token",
      "symbol": "DOT",
      "address": "0x7083609fCE4d1d8Dc0C979AAb8c869Ea2C873402",
      "chainId": 56,
      "decimals": 18,
      "logoURI": "https://tokens.pancakeswap.finance/images/0x7083609fCE4d1d8Dc0C979AAb8c869Ea2C873402.png"
    },
    {
      "name": "Refinable",
      "symbol": "FINE",
      "address": "0x4e6415a5727ea08aAE4580057187923aeC331227",
      "chainId": 56,
      "decimals": 18,
      "logoURI": "https://tokens.pancakeswap.finance/images/0x4e6415a5727ea08aAE4580057187923aeC331227.png"
    },
    {
      "name": "Binance Pegged DAI",
      "symbol": "DAI",
      "address": "0x1AF3F329e8BE154074D8769D1FFa4eE058B1DBc3",
      "chainId": 56,
      "decimals": 18,
      "logoURI": "https://tokens.pancakeswap.finance/images/0x1AF3F329e8BE154074D8769D1FFa4eE058B1DBc3.png"
    },
    {
      "name": "Binance Pegged USD Coin",
      "symbol": "USDC",
      "address": "0x8AC76a51cc950d9822D68b83fE1Ad97B32Cd580d",
      "chainId": 56,
      "decimals": 18,
      "logoURI": "https://tokens.pancakeswap.finance/images/0x8AC76a51cc950d9822D68b83fE1Ad97B32Cd580d.png"
    },
    {
      "name": "Dopple Finance",
      "symbol": "DOP",
      "address": "0x844FA82f1E54824655470970F7004Dd90546bB28",
      "chainId": 56,
      "decimals": 18,
      "logoURI": "https://tokens.pancakeswap.finance/images/0x844FA82f1E54824655470970F7004Dd90546bB28.png"
    }
  ]
}